Metric,Value
Accuracy,0.8235294117647058
Precision,0.8495451729905339
Recall,0.8235294117647058
F1 Score,0.7984368651285556
