Metric,Value
Accuracy,0.7838235294117647
Precision,0.8142969556243549
Recall,0.7838235294117647
F1 Score,0.7646468146715665
