Metric,Value
Precision,0.21052631578947367
Recall,0.04081632653061224
F1 Score,0.06837606837606838
Accuracy,0.7970204841713222
Dataset Organization,gtfintechlab
