Metric,Value
Precision,0.7522342784481815
Recall,0.7422349838286177
F1 Score,0.7446565914523214
Accuracy,0.9173967205398694
Dataset Organization,gtfintechlab
