Metric,Value
Precision,0.26593685868739175
Recall,0.33101301823411355
F1 Score,0.2238415752347641
Accuracy,0.2396694214876033
Dataset Organization,gtfintechlab
