Metric,Value
Mean Squared Error,0.12852384782608695
Mean Absolute Error,0.28346521739130437
R2 Score,0.23879000904082037
Answer Coverage,0.9956521739130435
