Precision,Recall,F1 Score
0.023529411764705882,0.02666666666666667,0.024999999999999998
