Precision,Recall,F1 Score
0.028409090909090908,0.03333333333333333,0.03067484662576687
