Metric,Value
Precision,0.23170653292181068
Recall,0.2414404842396729
F1 Score,0.23402805919618355
Accuracy,0.38016528925619836
Dataset Organization,gtfintechlab
