Metric,Value
Precision,0.36983471074380164
Recall,0.36983471074380164
F1 Score,0.36983471074380164
Accuracy,0.36983471074380164
Dataset Organization,gtfintechlab
