Metric,Value
Mean Squared Error,0.17443005217391302
Mean Absolute Error,0.3812782608695653
R2 Score,-0.03309930946031914
Answer Coverage,1.0
