Metric,Value
Mean Squared Error,0.12289396521739131
Mean Absolute Error,0.2896782608695652
R2 Score,0.2721341935027223
Answer Coverage,1.0
