precision,recall,f1
0.6754214132675017,0.7969552941996642,0.7303567333654923
