Metric,Value
Accuracy,0.8583720930232558
Precision,0.8806319635693527
Recall,0.8583720930232558
F1 Score,0.8661360728443012
