Metric,Value
Accuracy,0.8788372093023256
Precision,0.9037255257452018
Recall,0.8788372093023256
F1 Score,0.8830743039751593
