Metric,Value
Accuracy,0.4383720930232558
Precision,0.7486333999683076
Recall,0.4383720930232558
F1 Score,0.5099424412442399
