Metric,Value
Accuracy,0.7234883720930233
Precision,0.754722012144558
Recall,0.7234883720930233
F1 Score,0.705452829507006
