Metric,Value
Accuracy,0.19604651162790698
Precision,0.5820975802615284
Recall,0.19604651162790698
F1 Score,0.26376072637272213
