Metric,Value
Precision,0.45351473922902485
Recall,0.4536038224813735
F1 Score,0.4399524889320808
Accuracy,0.4536038224813735
