Metric,Value
Precision,0.04988662131519274
Recall,0.04591836734693878
F1 Score,0.046485260770975055
Accuracy,0.04591836734693878
