Label,Precision,Recall,F1 Score,Accuracy
RELEVANT_response,0.8235659743741678,0.755632582322357,0.7865141116677172,0.755632582322357
SPECIFIC_response,0.4582892875787157,0.5233968804159446,0.44944260964696603,0.5233968804159446
CAUTIOUS_response,0.6062032950979855,0.22010398613518198,0.21452190864613294,0.22010398613518198
ASSERTIVE_response,0.44984920390676875,0.4610051993067591,0.41349500412395573,0.4610051993067591
CLEAR_response,0.8009925769510153,0.7417677642980935,0.7688014921917563,0.7417677642980935
OPTIMISTIC_response,0.5256575348958153,0.4090121317157712,0.3557650688770619,0.4090121317157712
