Accuracy,Precision,Recall,F1 Score
0.00019860973187686197,0.4470705064548163,0.00019860973187686197,0.0003970430785566752
