Accuracy,Precision,Recall,F1 Score
0.07824143070044709,0.5212548886255595,0.07824143070044709,0.08669603835032333
