Metric,Value
Accuracy,0.5826612903225806
Precision,0.7104287434576808
Recall,0.5826612903225806
F1 Score,0.5052743423413273
