Metric,Value
Accuracy,0.34139784946236557
Precision,0.4517117300262748
Recall,0.34139784946236557
F1 Score,0.3406536339798148
