Metric,Value
Accuracy,0.3084677419354839
Precision,0.4504120750419652
Recall,0.3084677419354839
F1 Score,0.28434654170977075
