Metric,Value
Precision,0.14127570749067517
Recall,0.32819794584500467
F1 Score,0.1926046008954763
Accuracy,0.22107438016528927
Dataset Organization,gtfintechlab
