Metric,Value
Precision,0.31157078215901746
Recall,0.35650804383055906
F1 Score,0.3090391056436757
Accuracy,0.493801652892562
Dataset Organization,gtfintechlab
