Metric,Value
Precision,0.754568882192339
Recall,0.7408267228847979
F1 Score,0.7439192742210221
Accuracy,0.9196370644938279
Dataset Organization,gtfintechlab
