Metric,Average,Value
Precision,0.6288500019598801,
Recall,0.5340843443096476,
F1 Score,0.549752727362745,
Accuracy,0.5340843443096476,
Dataset Organization,,gtfintechlab
