Label,Precision,Recall,F1 Score,Accuracy
RELEVANT_response,0.8305921462418526,0.682842287694974,0.7443452695702168,0.682842287694974
SPECIFIC_response,0.497971263934757,0.5268630849220104,0.5000058895462085,0.5268630849220104
CAUTIOUS_response,0.6017768021049931,0.3119584055459272,0.34991150025058104,0.3119584055459272
ASSERTIVE_response,0.49078869573044687,0.4731369150779896,0.43680432110173395,0.4731369150779896
CLEAR_response,0.8220112995113755,0.6793760831889082,0.7388125717055637,0.6793760831889082
OPTIMISTIC_response,0.5299598042358555,0.5303292894280762,0.5286368120021662,0.5303292894280762
