Accuracy,Precision,Recall,F1 Score
0.08243293591654248,0.5759371868564488,0.08243293591654248,0.13048229690437668
