Accuracy,Precision,Recall,F1 Score
0.20575633383010433,0.6483837592006177,0.20575633383010433,0.28887380441062466
