Metric,Value
Accuracy,0.6512096774193549
Precision,0.7043508309886802
Recall,0.6512096774193549
F1 Score,0.6201635713618674
