Metric,Value
Accuracy,0.594758064516129
Precision,0.6939251879110555
Recall,0.594758064516129
F1 Score,0.5189149579891833
