Label,Precision,Recall,F1 Score,Accuracy
RELEVANT_response,0.8335145302756154,0.7694974003466204,0.7981281495574294,0.7694974003466204
SPECIFIC_response,0.45408695909788527,0.5060658578856152,0.4611352392494395,0.5060658578856152
CAUTIOUS_response,0.5780142930245552,0.464471403812825,0.49320479088146624,0.464471403812825
ASSERTIVE_response,0.47358489754070715,0.4904679376083189,0.4338851070985682,0.4904679376083189
CLEAR_response,0.7897892780072914,0.7105719237435009,0.745263362350054,0.7105719237435009
OPTIMISTIC_response,0.5399356544546576,0.4783362218370884,0.4655867133679852,0.4783362218370884
