Metric,Average,Value
Precision,0.6114876020667853,
Recall,0.5699017908723281,
F1 Score,0.5662005604174905,
Accuracy,0.5699017908723281,
Dataset Organization,,gtfintechlab
