Metric,Value
Precision,0.19342546063651592
Recall,0.2629729093050648
F1 Score,0.2203889111378098
Accuracy,0.46638655462184875
Dataset Organization,gtfintechlab
