Average F-score,Average NDCG,Average MRR
0.0,0.2212869061128888,2.1492469686759213e-05
