Metric,Value
Accuracy,0.9297674418604651
Precision,0.9472963585322701
Recall,0.9297674418604651
F1 Score,0.9378343098475005
