Precision,Recall,F1 Score
0.777538213133812,0.8437523844242096,0.8082889915108681
