Precision,Recall,F1 Score
0.7861581810712814,0.8432988078296184,0.8127269965112209
