Metric,Value
Precision,0.7659496319353493
Recall,0.7417832491635116
F1 Score,0.7478148906935148
Accuracy,0.899282492672784
Dataset Organization,gtfintechlab
