Metric,Value
Precision,0.148164350994755
Recall,0.14664529419593192
F1 Score,0.14698433122134763
Accuracy,0.8836537350233078
Dataset Organization,gtfintechlab
