Metric,Value
Precision,0.6949487283028166
Recall,0.6814426963932932
F1 Score,0.6850444338790751
Accuracy,0.9071127699518231
Dataset Organization,gtfintechlab
