Metric,Value
Precision,0.32259902149825753
Recall,0.28273071680779593
F1 Score,0.2700974782887291
Accuracy,0.29545454545454547
Dataset Organization,gtfintechlab
