Average F-score,Average NDCG,Average MRR
7.099499485286287e-05,0.22986316929433542,0.0002540063030841381
