Average F-score,Average NDCG,Average MRR
7.099499485286287e-05,0.23389125433223293,0.00023844091438555333
