Metric,Value
Precision,0.6921896060307821
Recall,0.6778157057184162
F1 Score,0.6809087260804995
Dataset Organization,gtfintechlab
