Metric,Value
Precision,0.7032091449005435
Recall,0.805684221633757
F1 Score,0.750175628156373
Dataset Organization,gtfintechlab
