Metric,Value
Accuracy,0.4018817204301075
Precision,0.44548935851310706
Recall,0.4018817204301075
F1 Score,0.39853358616084533
