Metric,Value
Accuracy,0.0006720430107526882
Precision,0.016801075268817203
Recall,0.0006720430107526882
F1 Score,0.0012923904052936312
