Metric,Value
Accuracy,0.40658602150537637
Precision,0.44401686119352546
Recall,0.40658602150537637
F1 Score,0.40260534885412474
