Metric,Value
Precision,0.14049586776859505
Recall,0.14049586776859505
F1 Score,0.14049586776859505
Accuracy,0.14049586776859505
Dataset Organization,gtfintechlab
