Metric,Value
Accuracy,0.34408602150537637
Precision,0.40313391082657674
Recall,0.34408602150537637
F1 Score,0.334371696649009
