Metric,Value
Accuracy,0.31451612903225806
Precision,0.4095607564038561
Recall,0.31451612903225806
F1 Score,0.30644178920975923
