Metric,Value
Accuracy,0.41196236559139787
Precision,0.42428104831917623
Recall,0.41196236559139787
F1 Score,0.3925646246878139
