Metric,Value
Accuracy,0.4495967741935484
Precision,0.4627832978640456
Recall,0.4495967741935484
F1 Score,0.4365893981025736
