Metric,Value
Accuracy,0.6229838709677419
Precision,0.6387813739865448
Recall,0.6229838709677419
F1 Score,0.6045973166892824
