Metric,Value
Accuracy,0.5907258064516129
Precision,0.6297301668985744
Recall,0.5907258064516129
F1 Score,0.5550314158149215
