Metric,Value
Accuracy,0.8470588235294118
Precision,0.8543714671697739
Recall,0.8470588235294118
F1 Score,0.8411015502060044
