Metric,Value
Accuracy,0.7676470588235295
Precision,0.8448844693712146
Recall,0.7676470588235295
F1 Score,0.775912543248654
