Metric,Value
Accuracy,0.8955882352941177
Precision,0.8980447671690293
Recall,0.8955882352941177
F1 Score,0.8930667761817259
