Metric,Value
Precision,0.7126267670380949
Recall,0.8119924599474126
F1 Score,0.7581066589162807
Dataset Organization,gtfintechlab
