Metric,Value
Accuracy,0.7647058823529411
Precision,0.8526603147206544
Recall,0.7647058823529411
F1 Score,0.7791452530147612
