Metric,Value
Accuracy,0.3635752688172043
Precision,0.4155632616341916
Recall,0.3635752688172043
F1 Score,0.35241258110897783
