Metric,Value
Accuracy,0.3649193548387097
Precision,0.40697268456906793
Recall,0.3649193548387097
F1 Score,0.3478892192215554
