Metric,Value
Accuracy,0.2775537634408602
Precision,0.39567233958421166
Recall,0.2775537634408602
F1 Score,0.2703026858429963
