Accuracy,Precision,Recall,F1 Score
0.660064935064935,0.7469407966881649,0.660064935064935,0.6506091075823439
