Accuracy,Precision,Recall,F1 Score
0.5301948051948052,0.6502121070355756,0.5301948051948052,0.5161163779742552
