Metric,Value
Accuracy,0.9044117647058824
Precision,0.9081620801165139
Recall,0.9044117647058824
F1 Score,0.9010386305934085
