Metric,Value
Accuracy,0.8117647058823529
Precision,0.8267164733494966
Recall,0.8117647058823529
F1 Score,0.8149361829931914
