accuracy,precision,recall,f1_score
0.5082294264339152,0.5082294264339152,0.5082294264339152,0.5082294264339152
