accuracy,precision,recall,f1_score
0.4924911660777385,0.4924911660777385,0.4924911660777385,0.4924911660777385
