Metric,Value
Precision,0.26479961371318206
Recall,0.3570296317760821
F1 Score,0.216691808978118
Accuracy,0.25826446280991733
Dataset Organization,gtfintechlab
