Metric,Value
Accuracy,0.2775537634408602
Precision,0.3830994194781933
Recall,0.2775537634408602
F1 Score,0.2760433062647029
