Metric,Value
Accuracy,0.260752688172043
Precision,0.3692815973752431
Recall,0.260752688172043
F1 Score,0.2562980019571085
