Metric,Value
Accuracy,0.3810483870967742
Precision,0.413680398746697
Recall,0.3810483870967742
F1 Score,0.36723192831555895
