Metric,Value
Accuracy,0.36223118279569894
Precision,0.41195885923475173
Recall,0.36223118279569894
F1 Score,0.35212845677312904
