Metric,Value
Accuracy,0.28830645161290325
Precision,0.4106190285592092
Recall,0.28830645161290325
F1 Score,0.2838950795900041
