Metric,Value
Accuracy,0.290994623655914
Precision,0.376285661442333
Recall,0.290994623655914
F1 Score,0.28150286363009847
