Metric,Value
Mean Squared Error,0.10104498695652174
Mean Absolute Error,0.2681695652173913
R2 Score,0.4015394426120479
Answer Coverage,1.0
