Metric,Value
Mean Squared Error,0.16746161739130433
Mean Absolute Error,0.3493739130434783
R2 Score,0.008172736682019677
Answer Coverage,1.0
