Metric,Value
Precision,0.2539342148961717
Recall,0.3272180903012546
F1 Score,0.22218556616151827
Accuracy,0.23553719008264462
Dataset Organization,gtfintechlab
