Metric,Value
Precision,0.32508796764408493
Recall,0.315596123506874
F1 Score,0.20872954725377676
Accuracy,0.2334710743801653
Dataset Organization,gtfintechlab
