Metric,Value
Accuracy,0.6189516129032258
Precision,0.6670696516315967
Recall,0.6189516129032258
F1 Score,0.5790213618428591
