Accuracy,Precision,Recall,F1 Score
0.15434053651266766,0.5637896699228574,0.15434053651266766,0.19628409035522876
