Accuracy,Precision,Recall,F1 Score
0.08168777943368108,0.388482392035019,0.08168777943368108,0.08095429591604757
