Label,Precision,Recall,F1 Score,Accuracy
RELEVANT_response,0.8141700827753512,0.8526863084922011,0.8318870230690725,0.8526863084922011
SPECIFIC_response,0.39683769027757104,0.5320623916811091,0.4044172918192748,0.5320623916811091
CAUTIOUS_response,0.6218910578004804,0.1611785095320624,0.11981462684455056,0.1611785095320624
ASSERTIVE_response,0.5052945931319829,0.4748700173310225,0.342485899613606,0.4748700173310225
CLEAR_response,0.8040629799384588,0.82842287694974,0.8116034186381448,0.82842287694974
OPTIMISTIC_response,0.5741066502786077,0.3778162911611785,0.26781281980198596,0.3778162911611785
