Accuracy,Precision,Recall,F1 Score
0.48603896103896105,0.6857142695204286,0.48603896103896105,0.4918391824157661
