Accuracy,Precision,Recall,F1 Score
0.5467532467532468,0.6770980132128395,0.5467532467532468,0.5278413119694259
