Accuracy,Precision,Recall,F1 Score
0.6217532467532467,0.7179907288356794,0.6217532467532467,0.6023374567038229
