Accuracy,Precision,Recall,F1 Score
0.5081168831168831,0.7239320835671337,0.5081168831168831,0.5257921936156624
