Accuracy,Precision,Recall,F1 Score
0.5668831168831169,0.6930334123664279,0.5668831168831169,0.5468763847696079
