Accuracy,Precision,Recall,F1 Score
0.6568181818181819,0.7347168902594887,0.6568181818181819,0.6554533924296957
