Metric,Value
Accuracy,0.3286290322580645
Precision,0.37115565285681046
Recall,0.3286290322580645
F1 Score,0.30396635562079505
