Metric,Value
Accuracy,0.32123655913978494
Precision,0.35142513165978767
Recall,0.32123655913978494
F1 Score,0.3017028803167494
