Precision,Recall,F1 Score
0.7518463744819164,0.8309440226107836,0.7882282100915908
