Precision,Recall,F1 Score
0.7848779910802841,0.8412904371917248,0.8109626554846764
