Accuracy,Precision,Recall,F1 Score
0.3731800766283525,0.8415121953453611,0.3731800766283525,0.5003319549355294
