Accuracy,Precision,Recall,F1 Score
0.546360153256705,0.8563876581262441,0.546360153256705,0.6617997937515042
