Accuracy,Precision,Recall,F1 Score
0.37547892720306514,0.8390961901340057,0.37547892720306514,0.5034593556692347
