accuracy,precision,recall,f1_score
0.5099750623441397,0.5099750623441397,0.5099750623441397,0.5099750623441397
