Label,Precision,Recall,F1 Score,Accuracy
RELEVANT_response,0.8266357677367212,0.6915077989601387,0.7503784855601358,0.6915077989601387
SPECIFIC_response,0.5034801728473219,0.5025996533795494,0.48953652509374507,0.5025996533795494
CAUTIOUS_response,0.6140117691593991,0.49913344887348354,0.5216761561113121,0.49913344887348354
ASSERTIVE_response,0.49525837329232075,0.5043327556325823,0.458526186860343,0.5043327556325823
CLEAR_response,0.799382863741788,0.7348353552859619,0.7620783869576305,0.7348353552859619
OPTIMISTIC_response,0.6112345111354768,0.5909878682842288,0.5754880400695274,0.5909878682842288
