Metric,Average
Precision,0.6416672429855046
Recall,0.5872328134026574
F1 Score,0.592947296775449
Accuracy,0.5872328134026574
