Metric,Value
Accuracy,0.5235294117647059
Precision,0.7274520874204422
Recall,0.5235294117647059
F1 Score,0.49925872369804175
