Average F-score,Average NDCG,Average MRR
0.0,0.1833180750575189,1.1368560829260797e-05
