Average F-score,Average NDCG,Average MRR
7.099499485286287e-05,0.249137363438624,0.00030824747160628776
