Average F-score,Average NDCG,Average MRR
0.0,0.2167521014622389,3.4265327775048095e-05
