Metric,Value
Precision,0.22350230414746544
Recall,0.9897959183673469
F1 Score,0.36466165413533835
Accuracy,0.37057728119180633
Dataset Organization,gtfintechlab
