Average F-score,Average NDCG,Average MRR
0.0,0.23944051318120052,0.00015506519792278178
