Average F-score,Average NDCG,Average MRR
0.0,0.22436275021763305,3.046433997879304e-05
