Metric,Average,Value
Precision,0.6067864389818406,
Recall,0.5421721548238012,
F1 Score,0.5222354258778134,
Accuracy,0.5421721548238012,
Dataset Organization,,gtfintechlab
