Metric,Average,Value
Precision,0.6107596454674115,
Recall,0.5184864240323512,
F1 Score,0.49809003252559836,
Accuracy,0.5184864240323512,
Dataset Organization,,gtfintechlab
