Metric,Average,Value
Precision,0.6136040906978849,
Recall,0.5381282495667246,
F1 Score,0.5104208777020851,
Accuracy,0.5381282495667246,
Dataset Organization,,gtfintechlab
