Metric,Value
Accuracy (Jaccard),0.00758312269103636
Precision,0.010752688172043012
Recall,0.02508038585209003
F1 Score,0.015052103434967195
