Metric,Value
Accuracy,0.8602941176470589
Precision,0.8928657238699937
Recall,0.8602941176470589
F1 Score,0.8628352417376948
