Metric,Value
Accuracy,0.8737209302325581
Precision,0.9278785267631905
Recall,0.8737209302325581
F1 Score,0.8925091090179984
