Metric,Value
Accuracy,0.8793023255813953
Precision,0.9167814525106306
Recall,0.8793023255813953
F1 Score,0.8825861654835293
