Metric,Value
Accuracy,0.8730232558139535
Precision,0.926838610366645
Recall,0.8730232558139535
F1 Score,0.8913284089684164
