Metric,Average,Value
Precision,0.5697429020065504,
Recall,0.4985557481224725,
F1 Score,0.49060128287871185,
Accuracy,0.4985557481224725,
Dataset Organization,,gtfintechlab
