Label,Precision,Recall,F1 Score,Accuracy
RELEVANT_actual_label,0.5655818127683183,0.6447140381282496,0.5723867392542761,0.6447140381282496
SPECIFIC_response,0.4205213610818409,0.4852686308492201,0.4318651499670313,0.4852686308492201
CAUTIOUS_response,0.5636053572193497,0.41074523396880414,0.44777485000626055,0.41074523396880414
ASSERTIVE_response,0.4796922273401081,0.5025996533795494,0.4683449908674951,0.5025996533795494
CLEAR_response,0.7990705258356563,0.561525129982669,0.6432419667680201,0.561525129982669
OPTIMISTIC_response,0.542208322799496,0.537261698440208,0.5277940101556451,0.537261698440208
