Label,Precision,Recall,F1 Score,Accuracy
RELEVANT_actual_label,0.4507851930382948,0.49220103986135183,0.38566864338716056,0.49220103986135183
SPECIFIC_response,0.4925108871569203,0.41074523396880414,0.41548501057391035,0.41074523396880414
CAUTIOUS_response,0.575696623275115,0.6256499133448874,0.5971499007488493,0.6256499133448874
ASSERTIVE_response,0.48743494951277894,0.48700173310225303,0.48219387944627834,0.48700173310225303
CLEAR_response,0.8179818363791276,0.3708838821490468,0.4653085283481164,0.3708838821490468
OPTIMISTIC_response,0.5940479226770665,0.6048526863084922,0.5978017347679561,0.6048526863084922
