Metric,Value
Precision,0.11932628029566805
Recall,0.18229672821509557
F1 Score,0.13204863808105102
Accuracy,0.18229672821509557
Dataset Organization,gtfintechlab
