Metric,Value
Accuracy,0.33669354838709675
Precision,0.3699014567208181
Recall,0.33669354838709675
F1 Score,0.3300278016743809
