Metric,Value
Accuracy,0.33602150537634407
Precision,0.37262717953342583
Recall,0.33602150537634407
F1 Score,0.3306755736810394
