Metric,Value
Accuracy,0.34610215053763443
Precision,0.4354347833966965
Recall,0.34610215053763443
F1 Score,0.34998397231425565
