Metric,Value
Accuracy,0.3521505376344086
Precision,0.4367707796165553
Recall,0.3521505376344086
F1 Score,0.3555767487639749
