Metric,Value
Precision,0.7271975290895712
Recall,0.7732242236233721
F1 Score,0.7470682612573257
Dataset Organization,gtfintechlab
