Metric,Value
Accuracy,0.5866935483870968
Precision,0.5984376394977294
Recall,0.5866935483870968
F1 Score,0.5418084792700154
