Metric,Value
Accuracy,0.5625
Precision,0.7091836734693877
Recall,0.5625
F1 Score,0.46500039273725463
