Metric,Value
Accuracy,0.6229838709677419
Precision,0.6355839459140168
Recall,0.6229838709677419
F1 Score,0.6026849740745205
