Accuracy,Precision,Recall,F1 Score
0.3593869731800766,0.8506792058516197,0.3593869731800766,0.4825679968522408
