Metric,Value
Accuracy,0.9169767441860465
Precision,0.9302181864324597
Recall,0.9169767441860465
F1 Score,0.9224809325776848
