Metric,Value
Accuracy,0.8413953488372093
Precision,0.8605116949100282
Recall,0.8413953488372093
F1 Score,0.8454902954344288
