Metric,Value
Precision,0.3680497425257556
Recall,0.3439292958562736
F1 Score,0.197920912447112
Accuracy,0.20041322314049587
Dataset Organization,gtfintechlab
