Metric,Value
Precision,0.260545905707196
Recall,0.33884005709563514
F1 Score,0.19883813924458635
Accuracy,0.23760330578512398
Dataset Organization,gtfintechlab
