Metric,Value
Accuracy,0.4713953488372093
Precision,0.7780012145519036
Recall,0.4713953488372093
F1 Score,0.5173229163961305
