Accuracy,Precision,Recall,F1 Score
0.2850574712643678,0.8377154117920979,0.2850574712643678,0.39569586599158824
