Accuracy,Precision,Recall,F1 Score
0.16628352490421455,0.8112733838608419,0.16628352490421455,0.22091845629205525
