Metric,Value
Accuracy (Jaccard),0.004502944232767579
Precision,0.009665427509293681
Recall,0.008360128617363344
F1 Score,0.008965517241379312
Dataset Organization,gtfintechlab
