Metric,Value
Accuracy (Jaccard),0.004592700024172105
Precision,0.007304882737408689
Recall,0.012218649517684888
F1 Score,0.009143407122232916
Dataset Organization,gtfintechlab
