Metric,Value
Precision,0.6773283457515216
Recall,0.8056499148860122
F1 Score,0.7352408566860238
Dataset Organization,gtfintechlab
