Metric,Value
Precision,0.5159175325789995
Recall,0.4756055258479283
F1 Score,0.48899423606745757
Accuracy,0.8023598563850022
Dataset Organization,gtfintechlab
