Metric,Value
Accuracy,0.34069767441860466
Precision,0.6889664186199272
Recall,0.34069767441860466
F1 Score,0.38726706071493433
