Metric,Value
Accuracy,0.8848837209302326
Precision,0.9023158548605741
Recall,0.8848837209302326
F1 Score,0.8922282050994893
