Metric,Value
Accuracy,0.8967441860465116
Precision,0.9143018644403631
Recall,0.8967441860465116
F1 Score,0.9018423207717682
