Metric,Value
Accuracy,0.32325581395348835
Precision,0.5740221343851599
Recall,0.32325581395348835
F1 Score,0.3548191355087364
