Metric,Value
Precision,0.4740929705215419
Recall,0.4851392938127631
F1 Score,0.46871473198003805
Accuracy,0.4851392938127631
Dataset Organization,gtfintechlab
