Metric,Value
Mean Squared Error,0.10590692173913042
Mean Absolute Error,0.27353043478260874
R2 Score,0.37274359347966235
Answer Coverage,1.0
