Metric,Value
Mean Squared Error,0.16405573913043472
Mean Absolute Error,0.319104347826087
R2 Score,0.02834477948976999
Answer Coverage,0.9956521739130435
