Metric,Value
Accuracy,0.4549731182795699
Precision,0.4646816555226271
Recall,0.4549731182795699
F1 Score,0.43861438689223076
