Metric,Value
Accuracy,0.29435483870967744
Precision,0.3297783340835992
Recall,0.29435483870967744
F1 Score,0.28515655098551446
