Metric,Value
Accuracy,0.9044117647058824
Precision,0.907069656674369
Recall,0.9044117647058824
F1 Score,0.9021268687457724
