Metric,Value
Accuracy,0.8147058823529412
Precision,0.867315823409585
Recall,0.8147058823529412
F1 Score,0.8106988955813889
