Metric,Value
Accuracy,0.8279411764705882
Precision,0.8506570646276528
Recall,0.8279411764705882
F1 Score,0.8139994434631114
