Accuracy,Precision,Recall,F1 Score
0.6819923371647509,0.8676545018440668,0.6819923371647509,0.7616021856323999
