Accuracy,Precision,Recall,F1 Score
0.5747126436781609,0.8592318253915546,0.5747126436781609,0.6842006783017595
