Metric,Value
Precision,0.2629393424036281
Recall,0.34673193497648613
F1 Score,0.20136494820039127
Accuracy,0.23674911660777384
Dataset Organization,gtfintechlab
