Accuracy,Precision,Recall,F1 Score
0.7366883116883117,0.7660932792352683,0.7366883116883117,0.7306953161926525
