Accuracy,Precision,Recall,F1 Score
0.7363636363636363,0.7653241882554862,0.7363636363636363,0.7301726833846174
