Metric,Value
Accuracy (Jaccard),0.004799040191961607
Precision,0.0069164265129683
Recall,0.015434083601286173
F1 Score,0.00955223880597015
Dataset Organization,gtfintechlab
