Metric,Value
Precision,0.6460176991150443
Recall,0.7448979591836735
F1 Score,0.6919431279620853
Accuracy,0.8789571694599627
Dataset Organization,gtfintechlab
