Accuracy,Precision,Recall,F1 Score
0.14763412816691504,0.42919588224814353,0.14763412816691504,0.1419590721755268
