Accuracy,Precision,Recall,F1 Score
0.09714977645305514,0.3409139106954,0.09714977645305514,0.048512638291310875
