Metric,Value
Precision,0.4628099173553719
Recall,0.5714285714285714
F1 Score,0.5114155251141552
Accuracy,0.8007448789571695
Dataset Organization,gtfintechlab
