Label,Precision,Recall,F1 Score,Accuracy
RELEVANT_response,0.8180610867046691,0.8,0.8064959627691807,0.8
SPECIFIC_response,0.525718018932483,0.5805892547660312,0.5206114790545618,0.5805892547660312
CAUTIOUS_response,0.5826327318947092,0.24695652173913044,0.25213766854018527,0.24695652173913044
ASSERTIVE_response,0.48376815374968807,0.4904679376083189,0.3898083764467101,0.4904679376083189
CLEAR_response,0.7890542326530935,0.8405545927209706,0.8115791324441765,0.8405545927209706
OPTIMISTIC_response,0.6039921841106836,0.5511265164644714,0.5402357130270613,0.5511265164644714
