Metric,Average,Value
Precision,0.6193938423670754,
Recall,0.5378393991912189,
F1 Score,0.4630035132977724,
Accuracy,0.5378393991912189,
Dataset Organization,,gtfintechlab
