Accuracy,Precision,Recall,F1 Score
0.7035714285714286,0.7918864420484484,0.7035714285714286,0.7097880455350616
