Accuracy,Precision,Recall,F1 Score
0.000974025974025974,0.03896103896103896,0.000974025974025974,0.0019005384859043396
