Accuracy,Precision,Recall,F1 Score
0.6814935064935065,0.7603823314797721,0.6814935064935065,0.6701340124670635
