Average F-score,Average NDCG,Average MRR
0.0,0.2343447272103588,6.33565602187145e-05
