Average F-score,Average NDCG,Average MRR
0.0,0.23602083257750503,6.0669893918487855e-05
