Metric,Value
Precision,0.27636245110821384
Recall,0.3130670659068225
F1 Score,0.23117417094983658
Accuracy,0.23553719008264462
Dataset Organization,gtfintechlab
