Metric,Value
Precision,0.24586776859504134
Recall,0.24586776859504134
F1 Score,0.24586776859504134
Accuracy,0.24586776859504134
Dataset Organization,gtfintechlab
