Metric,Value
Accuracy (Jaccard),0.024166829078152405
Precision,0.03351351351351351
Recall,0.0797427652733119
F1 Score,0.04719314938154139
Dataset Organization,gtfintechlab
