Metric,Value
Accuracy,0.4227906976744186
Precision,0.7259819086307999
Recall,0.4227906976744186
F1 Score,0.4837065350744908
