Metric,Value
Accuracy,0.7662790697674419
Precision,0.8248057279741141
Recall,0.7662790697674419
F1 Score,0.777874009731834
