Metric,Value
Precision,0.6000566893424036
Recall,0.5859572400388727
F1 Score,0.5872532040899388
Accuracy,0.5859572400388727
Dataset Organization,gtfintechlab
