Metric,Value
Precision,0.45646258503401355
Recall,0.4046485260770975
F1 Score,0.41597019760285064
Accuracy,0.4046485260770975
Dataset Organization,gtfintechlab
