Precision,Recall,F1 Score
0.8003883127868175,0.8358659637570381,0.8165920267105102
