Metric,Average,Value
Precision,0.639368818958889,
Recall,0.5150202195262854,
F1 Score,0.5406080257597938,
Accuracy,0.5150202195262854,
Dataset Organization,,gtfintechlab
