Accuracy,Precision,Recall,F1 Score
0.34942528735632183,0.8481362026054378,0.34942528735632183,0.4717519827937352
