Metric,Average,Value
Precision,0.37954592411677596,
Recall,0.5245522819179665,
F1 Score,0.4180957458291052,
Accuracy,0.5245522819179665,
Dataset Organization,,gtfintechlab
