Metric,Value
Precision,0.768811299429856
Recall,0.750100054266721
F1 Score,0.7557394731758169
Accuracy,0.9019461697912957
Dataset Organization,gtfintechlab
