Precision,Recall,F1 Score
0.7889565463662147,0.8340279781818389,0.8097963210344314
