Precision,Recall,F1 Score
0.7896807803213597,0.844310204833746,0.814922434926033
