Metric,Value
Accuracy,0.9344186046511628
Precision,0.9546886267165559
Recall,0.9344186046511628
F1 Score,0.9442415867556534
