Metric,Value
Exact Match Accuracy,0.5926842684268426
Mean Absolute Error,34447136.897754066
Mean Squared Error,7.607129730905929e+17
Tolerance Accuracy,0.6276127612761276
