Metric,Value
Accuracy,0.34274193548387094
Precision,0.40522829077935335
Recall,0.34274193548387094
F1 Score,0.34727373392469124
