Metric,Value
Accuracy,0.36223118279569894
Precision,0.3968601639017389
Recall,0.36223118279569894
F1 Score,0.3550615382238411
