Metric,Value
Precision,0.7318879258229587
Recall,0.6997874270535509
F1 Score,0.7111654555839304
Accuracy,0.8952581279802739
Dataset Organization,gtfintechlab
