Metric,Value
Accuracy,0.25336021505376344
Precision,0.39177070346589926
Recall,0.25336021505376344
F1 Score,0.24717800384381727
