Metric,Value
Accuracy,0.2963709677419355
Precision,0.3574849956568098
Recall,0.2963709677419355
F1 Score,0.289484561551185
