Metric,Value
Accuracy,0.2950268817204301
Precision,0.34997138722870386
Recall,0.2950268817204301
F1 Score,0.2859648900121492
