Metric,Value
Accuracy,0.2540322580645161
Precision,0.3866751894279947
Recall,0.2540322580645161
F1 Score,0.2469652169689627
