Metric,Value
Accuracy,0.3165322580645161
Precision,0.44752224598950263
Recall,0.3165322580645161
F1 Score,0.33213869200882923
