Metric,Value
Accuracy,0.3138440860215054
Precision,0.45357174130576167
Recall,0.3138440860215054
F1 Score,0.331578600541563
