Metric,Value
Precision,0.5637580284639109
Recall,0.5564534374971964
F1 Score,0.5519035773550253
Accuracy,0.8175347293351922
Dataset Organization,gtfintechlab
