Metric,Value
Accuracy (Jaccard),0.018778329376214115
Precision,0.027488151658767772
Recall,0.05594855305466238
F1 Score,0.03686440677966102
Dataset Organization,gtfintechlab
