Metric,Value
Precision,1.0
Recall,0.01020408163265306
F1 Score,0.020202020202020204
Accuracy,0.819366852886406
Dataset Organization,gtfintechlab
