Metric,Average
Precision,0.641564247030893
Recall,0.5395725014442518
F1 Score,0.5669359709564151
Accuracy,0.5395725014442518
