Label,Precision,Recall,F1 Score,Accuracy
RELEVANT_response,0.8384459182816504,0.6811091854419411,0.7470817343844971,0.6811091854419411
SPECIFIC_response,0.5021116592082111,0.5303292894280762,0.5064427222840665,0.5303292894280762
CAUTIOUS_response,0.6228250021860314,0.42980935875216636,0.4648970798496875,0.42980935875216636
ASSERTIVE_response,0.4863992640778995,0.4731369150779896,0.479020566960802,0.4731369150779896
CLEAR_response,0.8163438274660989,0.5389948006932409,0.625723377698892,0.5389948006932409
OPTIMISTIC_response,0.5832598109654664,0.584055459272097,0.5784503445605454,0.584055459272097
