Metric,Value
Mean Squared Error,0.20456353043478262
Mean Absolute Error,0.40926956521739133
R2 Score,-0.21157128258054336
Answer Coverage,1.0
