Metric,Value
Mean Squared Error,0.14104170434782606
Mean Absolute Error,0.29031304347826087
R2 Score,0.16465032515401978
Answer Coverage,1.0
