Metric,Value
Precision,0.7550659757671934
Recall,0.7925969328543152
F1 Score,0.7725600281147041
Dataset Organization,gtfintechlab
