Metric,Value
Precision,0.7309002807646087
Recall,0.8011361601376774
F1 Score,0.76347400672508
Dataset Organization,gtfintechlab
