Accuracy,Precision,Recall,F1 Score
0.6824675324675324,0.7553832720657729,0.6824675324675324,0.66769123155386
