Accuracy,Precision,Recall,F1 Score
0.638961038961039,0.7350972093702312,0.638961038961039,0.62202960947678
