accuracy,precision,recall,f1
0.3010752688172043,0.3789578605586699,0.3010752688172043,0.31121947269230194
