Accuracy,Precision,Recall,F1 Score
0.6935064935064935,0.755636168631002,0.6935064935064935,0.6869117148328282
