Accuracy,Precision,Recall,F1 Score
0.1211038961038961,0.3800809168570879,0.1211038961038961,0.14661510611697
