Metric,Value
Precision,0.003968253968253969
Recall,0.01445578231292517
F1 Score,0.006122448979591837
Accuracy,0.01445578231292517
Dataset Organization,gtfintechlab
