Metric,Value
Accuracy,0.8897058823529411
Precision,0.8951323666721591
Recall,0.8897058823529411
F1 Score,0.8845679298186764
