Label,Precision,Recall,F1 Score,Accuracy
RELEVANT_response,0.8280384340131101,0.8578856152512998,0.8420932444497379,0.8578856152512998
SPECIFIC_response,0.5321992524826783,0.5649913344887348,0.47819623174203146,0.5649913344887348
CAUTIOUS_response,0.5815102119767134,0.5216637781629117,0.5333646891167638,0.5216637781629117
ASSERTIVE_response,0.464534077804214,0.5164644714038128,0.46204137860983613,0.5164644714038128
CLEAR_response,0.8059987927291106,0.755632582322357,0.7755787527470143,0.755632582322357
OPTIMISTIC_response,0.5962460834932358,0.5355285961871751,0.5076583075729485,0.5355285961871751
