Metric,Average,Value
Precision,0.6518279286397951,
Recall,0.572790294627383,
F1 Score,0.534538380525341,
Accuracy,0.572790294627383,
Dataset Organization,,gtfintechlab
