Label,Precision,Recall,F1 Score,Accuracy
RELEVANT_response,0.8331807888574907,0.7781629116117851,0.8030608787380094,0.7781629116117851
SPECIFIC_response,0.4488668477528435,0.5216637781629117,0.438712679188845,0.5216637781629117
CAUTIOUS_response,0.5810151329416241,0.2512998266897747,0.26797061267289896,0.2512998266897747
ASSERTIVE_response,0.4992704629316305,0.5164644714038128,0.44668515212464427,0.5164644714038128
CLEAR_response,0.7873649972964267,0.7590987868284229,0.7722424290796316,0.7590987868284229
OPTIMISTIC_response,0.5319263144072943,0.4020797227036395,0.33385351440848143,0.4020797227036395
