Precision,Recall,F1 Score,Accuracy
0.09556123676021636,0.3208859734369938,0.13365232674324734,0.3208859734369938
