Metric,Value
Precision,0.6997846167015768
Recall,0.6796315492415261
F1 Score,0.6845859597666221
Accuracy,0.8796222605119556
