Metric,Value
Precision,0.7720244895900328
Recall,0.7551896610099349
F1 Score,0.7612508888614157
Accuracy,0.9219974889352355
Dataset Organization,gtfintechlab
