Metric,Average,Value
Precision,0.6535950111556547,
Recall,0.5407279029462739,
F1 Score,0.435667285304981,
Accuracy,0.5407279029462739,
Dataset Organization,,gtfintechlab
