Metric,Value
Mean Squared Error,0.1437313695652174
Mean Absolute Error,0.3291347826086956
R2 Score,0.1487202073553049
Answer Coverage,1.0
