Metric,Value
Precision,0.4031746031746032
Recall,0.41371072238419176
F1 Score,0.3973308248818453
Accuracy,0.41371072238419176
Dataset Organization,gtfintechlab
