Metric,Average,Value
Precision,0.6338710680075544,
Recall,0.5849491372164871,
F1 Score,0.5534780553803126,
Accuracy,0.5849491372164871,
Dataset Organization,,gtfintechlab
