Precision,Recall,F1 Score
0.8012930440306664,0.8287547784894704,0.8136827633678914
