Precision,Recall,F1 Score
0.8032815679609776,0.8328055641204118,0.8166428003311157
