Metric,Value
Precision,0.6804831431369589
Recall,0.7864633758862813
F1 Score,0.7285596109399892
Dataset Organization,gtfintechlab
