Accuracy,Precision,Recall,F1 Score
0.4967532467532468,0.6496763348447252,0.4967532467532468,0.49787748119353425
