Accuracy,Precision,Recall,F1 Score
0.5051948051948052,0.6586790038968703,0.5051948051948052,0.4844650018809091
