Accuracy,Precision,Recall,F1 Score
0.6701298701298701,0.7441326240329934,0.6701298701298701,0.6602393064572272
