Accuracy,Precision,Recall,F1 Score
0.6597402597402597,0.7476031469093928,0.6597402597402597,0.644654001427756
