Accuracy,Precision,Recall,F1 Score
0.5340909090909091,0.672038215102253,0.5340909090909091,0.5121549622514184
