Accuracy,Precision,Recall,F1 Score
0.4279220779220779,0.6317992014297529,0.4279220779220779,0.43387780180558544
