Average F-score,Average NDCG,Average MRR
0.0,0.22731292953591298,6.085945038462945e-05
