Accuracy,Precision,Recall,F1 Score
0.1650521609538003,0.5135015749607513,0.1650521609538003,0.1964074123647226
