Metric,Value
Precision,0.347562358276644
Recall,0.418837058632977
F1 Score,0.3671041921041921
Accuracy,0.418837058632977
Dataset Organization,gtfintechlab
