Metric,Value
Accuracy,0.9294117647058824
Precision,0.931059611344538
Recall,0.9294117647058824
F1 Score,0.9275885754249248
