Metric,Value
Accuracy,0.9176470588235294
Precision,0.9174756266142822
Recall,0.9176470588235294
F1 Score,0.9174253846259924
