Metric,Value
Accuracy,0.15588235294117647
Precision,0.8823044360172854
Recall,0.15588235294117647
F1 Score,0.07070220843827656
