Metric,Average,Value
Precision,0.6084046868746275,
Recall,0.5470826112073947,
F1 Score,0.5326364736731134,
Accuracy,0.5470826112073947,
Dataset Organization,,gtfintechlab
