Accuracy,Precision,Recall,F1 Score
0.4942528735632184,0.8505180907083405,0.4942528735632183,0.618215892053973
