Accuracy,Precision,Recall,F1 Score
0.9134099616858238,0.8829895926741121,0.9134099616858238,0.8975395297815315
