Metric,Average,Value
Precision,0.6397666891513949,
Recall,0.5717368082578508,
F1 Score,0.5828311672173784,
Accuracy,0.5717368082578508,
Dataset Organization,,gtfintechlab
