Label,Precision,Recall,F1 Score,Accuracy
RELEVANT_response,0.8338208364670874,0.854419410745234,0.8434687180662567,0.854419410745234
SPECIFIC_response,0.555289439499557,0.5617977528089888,0.45250492459288516,0.5617977528089888
CAUTIOUS_response,0.7433572055178063,0.12998266897746968,0.05175479199720762,0.12998266897746968
ASSERTIVE_response,0.5368173940444304,0.48873483535528595,0.35375402738154904,0.48873483535528595
CLEAR_response,0.7929877934740596,0.8561525129982669,0.8189035605047117,0.8561525129982669
OPTIMISTIC_response,0.5950997383355422,0.3708838821490468,0.2503727023281354,0.3708838821490468
