Metric,Average,Value
Precision,0.6762287345564139,
Recall,0.5436618438390487,
F1 Score,0.4617931208117909,
Accuracy,0.5436618438390487,
Dataset Organization,,gtfintechlab
