Metric,Value
Accuracy,0.6330645161290323
Precision,0.6336166313874093
Recall,0.6330645161290323
F1 Score,0.6312258168498462
