Metric,Value
Accuracy,0.6754032258064516
Precision,0.6768928084521325
Recall,0.6754032258064516
F1 Score,0.6738798104217454
