Average Precision,Average Recall,Average F1,Average Accuracy,RELEVANT_Precision,RELEVANT_Recall,RELEVANT_F1,RELEVANT_Accuracy,SPECIFIC_Precision,SPECIFIC_Recall,SPECIFIC_F1,SPECIFIC_Accuracy,CAUTIOUS_Precision,CAUTIOUS_Recall,CAUTIOUS_F1,CAUTIOUS_Accuracy,ASSERTIVE_Precision,ASSERTIVE_Recall,ASSERTIVE_F1,ASSERTIVE_Accuracy,CLEAR_Precision,CLEAR_Recall,CLEAR_F1,CLEAR_Accuracy,OPTIMISTIC_Precision,OPTIMISTIC_Recall,OPTIMISTIC_F1,OPTIMISTIC_Accuracy
0.6444688398646786,0.5719237435008665,0.5327499153769175,0.5719237435008665,0.8250054393901881,0.8474870017331022,0.8351200530556461,0.8474870017331022,0.517322116866327,0.5719237435008665,0.5087276022933658,0.5719237435008665,0.6245825740900659,0.22530329289428075,0.21907068713495378,0.22530329289428075,0.48868106914677606,0.49393414211438474,0.40045142148963103,0.49393414211438474,0.8038475254936317,0.8197573656845754,0.8107173954567136,0.8197573656845754,0.6073743142010829,0.4731369150779896,0.4224123328311952,0.4731369150779896
