Metric,Value
Precision,1.0
Recall,0.08163265306122448
F1 Score,0.1509433962264151
Accuracy,0.8324022346368715
Dataset Organization,gtfintechlab
