Precision,Recall,F1 Score
0.7742346694171429,0.8428105692863465,0.8059581910669804
