Accuracy,Precision,Recall,F1 Score
0.7285714285714285,0.7572295878126358,0.7285714285714285,0.7225669064582277
