Accuracy,Precision,Recall,F1 Score
0.7185064935064935,0.7457068688929125,0.7185064935064935,0.7113858662208153
