Metric,Value
Precision,0.7369050430529045
Recall,0.8017717631176264
F1 Score,0.7672859840922885
Dataset Organization,gtfintechlab
