Accuracy,Precision,Recall,F1 Score
0.663961038961039,0.7372938812169288,0.663961038961039,0.6484509603222484
