Precision,Recall,F1 Score,Accuracy
0.18503118503118504,0.9081632653061225,0.307426597582038,0.2532588454376164
