Metric,Value
Precision,0.26548672566371684
Recall,0.9183673469387755
F1 Score,0.41189931350114417
Accuracy,0.521415270018622
Dataset Organization,gtfintechlab
