Accuracy,Precision,Recall,F1 Score
0.7724025974025974,0.7887712645749015,0.7724025974025974,0.7631901292451283
