Accuracy,Precision,Recall,F1 Score
0.7220779220779221,0.7736977040720822,0.7220779220779221,0.7137612361132502
