Accuracy,Precision,Recall,F1 Score
0.5711038961038961,0.7177913519817201,0.5711038961038961,0.5754556202187897
