Accuracy,Precision,Recall,F1 Score
0.5957792207792207,0.7113262553365906,0.5957792207792207,0.5777544070053231
