Metric,Value
Accuracy,0.8352941176470589
Precision,0.8607736335904782
Recall,0.8352941176470589
F1 Score,0.8403471956525967
