Metric,Value
Accuracy,0.7411764705882353
Precision,0.8061788140187561
Recall,0.7411764705882353
F1 Score,0.6992788144245197
