Metric,Average,Value
Precision,0.6085336163691456,
Recall,0.5465049104563836,
F1 Score,0.5323070281249843,
Accuracy,0.5465049104563836,
Dataset Organization,,gtfintechlab
