Metric,Value
Precision,0.37996394267187833
Recall,0.3663838715562853
F1 Score,0.2615917174796748
Accuracy,0.2830578512396694
Dataset Organization,gtfintechlab
