Metric,Value
Precision,0.7237965050369802
Recall,0.7806746217939589
F1 Score,0.7503521258180792
Dataset Organization,gtfintechlab
