Metric,Value
Precision,0.7236726796988285
Recall,0.7818259095904803
F1 Score,0.7508233769975527
Dataset Organization,gtfintechlab
