Metric,Value
Precision,0.14630963832713564
Recall,0.14493751338056068
F1 Score,0.1449799000443026
Accuracy,0.862002542666718
Dataset Organization,gtfintechlab
