Metric,Value
Precision,0.12333021564680068
Recall,0.12291485010896369
F1 Score,0.12299197302042375
Accuracy,0.8507146434487807
Dataset Organization,gtfintechlab
