Metric,Value
Precision,0.6527362564580201
Recall,0.6253211788667872
F1 Score,0.6350081329336734
Accuracy,0.869569877436698
Dataset Organization,gtfintechlab
