Metric,Value
Precision,0.14290105132066142
Recall,0.14321918883645487
F1 Score,0.14300620725685162
Accuracy,0.8718650075124244
Dataset Organization,gtfintechlab
