Metric,Value
Precision,0.613074405044457
Recall,0.5906678771450449
F1 Score,0.5982656491597854
Accuracy,0.8754314585693277
Dataset Organization,gtfintechlab
