Average F-score,Average NDCG,Average MRR
0.0,0.22284937980484326,4.9083754182530186e-05
