Metric,Value
Precision,0.2665289256198347
Recall,0.2665289256198347
F1 Score,0.2665289256198347
Accuracy,0.2665289256198347
Dataset Organization,gtfintechlab
