Metric,Value
Precision,0.2644628099173554
Recall,0.2644628099173554
F1 Score,0.2644628099173554
Accuracy,0.2644628099173554
Dataset Organization,gtfintechlab
