Metric,Value
Precision,0.30941707454675754
Recall,0.30995792953196605
F1 Score,0.24245046036276285
Accuracy,0.26239669421487605
Dataset Organization,gtfintechlab
