Metric,Value
Accuracy,0.6612903225806451
Precision,0.6621621772227777
Recall,0.6612903225806451
F1 Score,0.6518704509850948
