Metric,Value
Accuracy,0.5645161290322581
Precision,0.618322904784025
Recall,0.5645161290322581
F1 Score,0.4973171353612812
