Metric,Value
Precision,0.680327070361436
Recall,0.7767746626728713
F1 Score,0.7234774672623837
Dataset Organization,gtfintechlab
