Metric,Value
Mean Squared Error,0.11010274782608698
Mean Absolute Error,0.2891304347826087
R2 Score,0.3478929156347199
Answer Coverage,1.0
