Average F-score,Average NDCG,Average MRR
7.099499485286287e-05,0.2376560481112064,0.0002575750974066382
