Average F-score,Average NDCG,Average MRR
0.0,0.23442443196363025,5.36076660975453e-05
