Metric,Value
Precision,0.42857142857142855
Recall,0.09183673469387756
F1 Score,0.15126050420168066
Accuracy,0.8119180633147114
Dataset Organization,gtfintechlab
