accuracy,precision,recall,f1
0.5161290322580645,0.4304305442103478,0.5161290322580645,0.3718225580286777
