Metric,Value
Precision,0.26239669421487605
Recall,0.26239669421487605
F1 Score,0.26239669421487605
Accuracy,0.26239669421487605
Dataset Organization,gtfintechlab
