Metric,Value
Precision,0.3391513099762597
Recall,0.36080685147622266
F1 Score,0.2268983029852595
Accuracy,0.25826446280991733
Dataset Organization,gtfintechlab
