Metric,Value
Precision,0.30814965841351066
Recall,0.31413492600105175
F1 Score,0.22895173495250076
Accuracy,0.2727272727272727
Dataset Organization,gtfintechlab
