Metric,Average
Precision,0.6596615503935898
Recall,0.51473136915078
F1 Score,0.542137428796557
Accuracy,0.51473136915078
