Label,Precision,Recall,F1 Score,Accuracy
RELEVANT_response,0.8302970061640128,0.5719237435008665,0.6611196156616734,0.5719237435008665
SPECIFIC_response,0.5421243828887722,0.5719237435008665,0.5367493682339007,0.5719237435008665
CAUTIOUS_response,0.6806620908734249,0.32582322357019067,0.36979465733536165,0.32582322357019067
ASSERTIVE_response,0.48884365097470817,0.49220103986135183,0.48445791248357645,0.49220103986135183
CLEAR_response,0.801088667330642,0.5771230502599654,0.6588401140414308,0.5771230502599654
OPTIMISTIC_response,0.6149535041299792,0.5493934142114385,0.5418629050233991,0.5493934142114385
