Metric,Value
Mean Squared Error,0.1891756782608696
Mean Absolute Error,0.3519304347826087
R2 Score,-0.1204334353069727
Answer Coverage,0.991304347826087
