Average F-score,Average NDCG,Average MRR
7.099499485286287e-05,0.248214952316314,0.0002654188949727971
