Average F-score,Average NDCG,Average MRR
7.099499485286287e-05,0.24721331509995528,0.00027757212269608985
