Metric,Value
Precision,0.6578474246841594
Recall,0.6677032717849044
F1 Score,0.6553453726923114
Accuracy,0.6677032717849044
Dataset Organization,gtfintechlab
