Metric,Value
Precision,0.00510204081632653
Recall,0.00510204081632653
F1 Score,0.00510204081632653
Accuracy,0.00510204081632653
Dataset Organization,gtfintechlab
