Metric,Value
Accuracy,0.06518817204301075
Precision,0.3476093615861182
Recall,0.06518817204301075
F1 Score,0.08194839869440583
