Label,Precision,Recall,F1 Score,Accuracy
RELEVANT_response,0.8246261499784218,0.8110918544194108,0.8177059181313586,0.8110918544194108
SPECIFIC_response,0.5097517952953547,0.5632582322357019,0.4723310931751185,0.5632582322357019
CAUTIOUS_response,0.646902279912862,0.34488734835355284,0.37329581584105653,0.34488734835355284
ASSERTIVE_response,0.4936685406715419,0.5043327556325823,0.42007762794696873,0.5043327556325823
CLEAR_response,0.8048206109832122,0.8006932409012132,0.80193235152947,0.8006932409012132
OPTIMISTIC_response,0.5854240642452143,0.5823223570190641,0.5723807932995235,0.5823223570190641
