Accuracy,Precision,Recall,F1 Score
0.015767477203647417,0.4901285226072197,0.015767477203647417,0.02483909472864543
