Accuracy,Precision,Recall,F1 Score
0.07600596125186289,0.4530382653360682,0.07600596125186289,0.11423849214832724
