Metric,Value
Precision,0.2217687074829932
Recall,0.2465986394557823
F1 Score,0.22618237771299
Accuracy,0.2465986394557823
Dataset Organization,gtfintechlab
