Metric,Value
Accuracy,0.2157258064516129
Precision,0.29842246747567647
Recall,0.2157258064516129
F1 Score,0.1936981113746699
