Metric,Value
Accuracy,0.3528225806451613
Precision,0.40465016924772595
Recall,0.3528225806451613
F1 Score,0.33288061840546196
