Accuracy,Precision,Recall,F1 Score
0.6301948051948052,0.7095603603020115,0.6301948051948052,0.6094528818015089
