Accuracy,Precision,Recall,F1 Score
0.638961038961039,0.7295631638302208,0.638961038961039,0.6208346054841921
