Accuracy,Precision,Recall,F1 Score
0.6422077922077922,0.723495419729979,0.6422077922077922,0.63550080936074
