Accuracy,Precision,Recall,F1 Score
0.6785714285714286,0.7333935190759577,0.6785714285714286,0.6674339908224638
