Accuracy,Precision,Recall,F1 Score
0.08960506706408346,0.4532006508714101,0.08960506706408346,0.07993238757614878
