Accuracy,Precision,Recall,F1 Score
0.08858047690014903,0.3630681028352191,0.08858047690014903,0.05694793520160774
