Accuracy,Precision,Recall,F1 Score
0.06666666666666667,0.6736527608719709,0.06666666666666667,0.022119283900959415
