Accuracy,Precision,Recall,F1 Score
0.5126436781609195,0.8535455349248452,0.5126436781609195,0.6338729534131833
