Accuracy,Precision,Recall,F1 Score
0.41226053639846744,0.8477355430692254,0.41226053639846744,0.5405157989884033
