Accuracy,Precision,Recall,F1 Score
0.4099616858237548,0.8486439870770103,0.4099616858237548,0.5379386924379382
