Accuracy,Precision,Recall,F1 Score
0.23984674329501915,0.8225532557112593,0.23984674329501915,0.33623967909707025
