Metric,Value
Precision,0.18992248062015504
Recall,1.0
F1 Score,0.31921824104234525
Accuracy,0.22160148975791433
Dataset Organization,gtfintechlab
