Accuracy,Precision,Recall,F1 Score
0.16449329359165424,0.5277290413874689,0.16449329359165424,0.19763689288045058
