Accuracy,Precision,Recall,F1 Score
0.026359910581222057,0.21350026246363835,0.026359910581222057,0.025458859451828603
