Accuracy,Precision,Recall,F1 Score
0.24450447093889716,0.6425409880279442,0.24450447093889716,0.3371729903088674
