Label,Precision,Recall,F1 Score,Accuracy
RELEVANT_response,0.8368383627281069,0.7175043327556326,0.7658608008073851,0.7175043327556326
SPECIFIC_response,0.4587096969379993,0.5095320623916811,0.43589524960164844,0.5095320623916811
CAUTIOUS_response,0.5867968808144982,0.3830155979202773,0.416890651204113,0.3830155979202773
ASSERTIVE_response,0.42908819733355685,0.48353552859618715,0.40544416862297206,0.48353552859618715
CLEAR_response,0.820239841037068,0.7452339688041595,0.7693243025112991,0.7452339688041595
OPTIMISTIC_response,0.5195287193636443,0.44020797227036396,0.4004269960024879,0.44020797227036396
