Label,Precision,Recall,F1 Score,Accuracy
RELEVANT_response,0.8368383627281069,0.7175043327556326,0.7658608008073851,0.7175043327556326
SPECIFIC_response,0.4587096969379993,0.5095320623916811,0.43589524960164844,0.5095320623916811
CAUTIOUS_response,0.5885098173467131,0.38648180242634317,0.4202465014816835,0.38648180242634317
ASSERTIVE_response,0.42628627549799497,0.48180242634315423,0.40289889582335264,0.48180242634315423
CLEAR_response,0.8205552493733058,0.7469670710571924,0.7704903983221227,0.7469670710571924
OPTIMISTIC_response,0.5195287193636443,0.44020797227036396,0.4004269960024879,0.44020797227036396
