Accuracy,Precision,Recall,F1 Score
0.3701149425287356,0.8484872761626658,0.3701149425287356,0.4952209389420838
