Accuracy,Precision,Recall,F1 Score
0.7164750957854407,0.8710901074053139,0.7164750957854407,0.7844631566499526
