Metric,Value
Precision,0.36929460580912865
Recall,0.9081632653061225
F1 Score,0.5250737463126843
Accuracy,0.7001862197392924
Dataset Organization,gtfintechlab
