Accuracy,Precision,Recall,F1 Score
0.574025974025974,0.7286961182458194,0.574025974025974,0.6008759120298913
