Accuracy,Precision,Recall,F1 Score
0.577922077922078,0.7060968209201989,0.577922077922078,0.573943924282352
