accuracy,precision,recall,f1
0.5961038961038961,0.6902550768789669,0.5961038961038961,0.5858707646877854
