precision,recall,f1
0.7894772061407566,0.843119512796402,0.8143046345412731
