Average F-score,Average NDCG,Average MRR
0.0,0.24287487962403762,5.876754118617107e-05
