Average F-score,Average NDCG,Average MRR
0.0,0.2306400121228723,6.429421424000396e-05
