Metric,Value
Precision,0.7977471494494366
Recall,0.7868842992006204
F1 Score,0.7895576578673082
Accuracy,0.944516674461693
Dataset Organization,gtfintechlab
