Metric,Value
Precision,0.813389715420056
Recall,0.8048842759616044
F1 Score,0.807008311580652
Accuracy,0.9441634164961162
