Metric,Value
Precision,0.7814782801774061
Recall,0.7626967508327961
F1 Score,0.7686280834426039
Accuracy,0.9297502883355283
