Metric,Value
Precision,0.14369581935274417
Recall,0.14387789983245855
F1 Score,0.1435340079715534
Accuracy,0.8835381592633972
Dataset Organization,gtfintechlab
