Label,Precision,Recall,F1 Score,Accuracy
RELEVANT_response,0.7899504224059324,0.8838821490467937,0.8342806669015734,0.8838821490467937
SPECIFIC_response,0.543330586224867,0.5199306759098787,0.3606270968208105,0.5199306759098787
CAUTIOUS_response,0.6392455586501362,0.1369150779896014,0.06499313020347537,0.1369150779896014
ASSERTIVE_response,0.5555056117294878,0.48180242634315423,0.3360108850785596,0.48180242634315423
CLEAR_response,0.8104739657900685,0.8752166377816292,0.8202017508776607,0.8752166377816292
OPTIMISTIC_response,0.583063922133436,0.3466204506065858,0.1978901819478063,0.3466204506065858
