Metric,Value
Precision,0.8535379296478018
Recall,0.8409823365711134
F1 Score,0.8442534895387198
Accuracy,0.949479440016125
