Metric,Value
Accuracy,0.406046511627907
Precision,0.8451158860247356
Recall,0.406046511627907
F1 Score,0.4770458490439573
