Metric,Value
Accuracy,0.85
Precision,0.8813964181123874
Recall,0.85
F1 Score,0.8539490462052454
