Metric,Value
Accuracy,0.6802325581395349
Precision,0.7696316048343309
Recall,0.6802325581395349
F1 Score,0.6559381157457437
