Accuracy,Precision,Recall,F1 Score
0.028595380029806258,0.38037843065805926,0.028595380029806258,0.045483986698189434
