Accuracy,Precision,Recall,F1 Score
0.5275974025974026,0.6302814343072558,0.5275974025974026,0.5081841128033834
