Accuracy,Precision,Recall,F1 Score
0.6415584415584416,0.7458592394865964,0.6415584415584416,0.6280090229603015
