Precision,Recall,F1 Score
0.7833502161800862,0.8419669185578823,0.8105445004999637
