Precision,Recall,F1 Score
0.790060070425272,0.8431073627173901,0.8146484510898591
