Precision,Recall,F1 Score
0.785366424381733,0.8386997467577457,0.8099933298528195
