Accuracy,Precision,Recall,F1 Score
0.1153129657228018,0.5104193927391043,0.1153129657228018,0.13310866901011728
