Accuracy,Precision,Recall,F1 Score
0.1153129657228018,0.3941221607740113,0.1153129657228018,0.10476423195974151
