Accuracy,Precision,Recall,F1 Score
0.04825737265415549,0.45215725108486504,0.04825737265415549,0.02953816007991432
