Accuracy,Precision,Recall,F1 Score
0.1345707656612529,0.3868372752724928,0.1345707656612529,0.07124669870032949
