Metric,Value
Accuracy,0.8558139534883721
Precision,0.8895745414949743
Recall,0.8558139534883721
F1 Score,0.861876787472829
