Metric,Value
Accuracy,0.8304651162790697
Precision,0.8642292065643151
Recall,0.8304651162790697
F1 Score,0.8439765829233739
