Average F-score,Average NDCG,Average MRR
0.0,0.24156912572581019,7.512017009721402e-05
