Average F-score,Average NDCG,Average MRR
0.0,0.24182830981349523,7.865960710706966e-05
