Average F-score,Average NDCG,Average MRR
0.0,0.24377435026205813,0.00011856229553357204
