Label,Precision,Recall,F1 Score,Accuracy
RELEVANT_response,0.8202176493202986,0.5407279029462738,0.6356452920211357,0.5407279029462738
SPECIFIC_response,0.46987037438288853,0.49220103986135183,0.4712492804092839,0.49220103986135183
CAUTIOUS_response,0.6739900691431309,0.35181975736568455,0.38950462075852693,0.35181975736568455
ASSERTIVE_response,0.4595547666580276,0.48180242634315423,0.4549218306128784,0.48180242634315423
CLEAR_response,0.7902164800617945,0.6065857885615251,0.6778690867805447,0.6065857885615251
OPTIMISTIC_response,0.6223635741871935,0.6169844020797227,0.6144580439763935,0.6169844020797227
