Average Precision,Average Recall,Average F1,Average Accuracy
0.36675193493375313,0.30578512396694213,0.32554511353606674,0.30578512396694213
