Metric,Value
Accuracy (Jaccard),0.0031093039942597465
Precision,0.0049261083743842365
Recall,0.008360128617363344
F1 Score,0.006199332379589891
Dataset Organization,gtfintechlab
