Accuracy,Precision,Recall,F1 Score
0.6435064935064935,0.7304706536534974,0.6435064935064935,0.6269021224784211
