Accuracy,Precision,Recall,F1 Score
0.6636363636363637,0.7578829652698413,0.6636363636363637,0.667233175909133
