Accuracy,Precision,Recall,F1 Score
0.5772727272727273,0.7474531495037087,0.5772727272727273,0.6132410453058508
