Metric,Value
Accuracy,0.37298387096774194
Precision,0.43647048132446414
Recall,0.37298387096774194
F1 Score,0.3738522302453625
