Metric,Value
Accuracy,0.28484848484848485
Precision,0.5722703222703223
Recall,0.28484848484848485
F1 Score,0.19306521074372598
