Accuracy,Precision,Recall,F1 Score
0.01930240433457501,0.5327517658448356,0.01930240433457501,0.03236452707865822
