Accuracy,Precision,Recall,F1 Score
0.07805514157973174,0.4553836310075423,0.07805514157973174,0.05217362773320325
