Accuracy,Precision,Recall,F1 Score
0.014342629482071713,0.6754050464807437,0.014342629482071713,0.016970842706287095
