Accuracy,Precision,Recall,F1 Score
0.1305886736214605,0.4856720062622218,0.1305886736214605,0.1252592866354173
