Accuracy,Precision,Recall,F1 Score
0.08783532041728763,0.5097824654989089,0.08783532041728763,0.05459007501462229
