Precision,Recall,F1 Score
0.7814548198580742,0.8459426943063736,0.8114132662713528
