Precision,Recall,F1 Score
0.796873795390129,0.8411445902585983,0.8171726751029491
