Average F-score,Average NDCG,Average MRR
7.099499485286287e-05,0.250025016804263,0.0002876864472526039
