Metric,Value
Precision,0.7065579767695586
Recall,0.6871241926902523
F1 Score,0.692916105183089
Accuracy,0.8829023826308258
Dataset Organization,gtfintechlab
