Metric,Value
Mean Squared Error,0.13510014347826088
Mean Absolute Error,0.2784565217391304
R2 Score,0.19984049081047583
Answer Coverage,0.9956521739130435
