Metric,Value
Mean Squared Error,0.22123276086956525
Mean Absolute Error,0.36438695652173914
R2 Score,-0.3102983668001762
Answer Coverage,0.9826086956521739
