Metric,Value
Accuracy,0.6814516129032258
Precision,0.7185604444207374
Recall,0.6814516129032258
F1 Score,0.6637142599221153
