Metric,Value
Accuracy,0.6512096774193549
Precision,0.6701163005942947
Recall,0.6512096774193549
F1 Score,0.6352670037906195
