Metric,Value
Accuracy,0.6431451612903226
Precision,0.6601040542594971
Recall,0.6431451612903226
F1 Score,0.6270413380907417
