Metric,Value
Accuracy,0.49798387096774194
Precision,0.24798793574401665
Recall,0.49798387096774194
F1 Score,0.3310956019624018
