Metric,Value
Precision,0.22107438016528927
Recall,0.22107438016528927
F1 Score,0.22107438016528927
Accuracy,0.22107438016528927
Dataset Organization,gtfintechlab
