Metric,Value
Precision,0.3849586907093492
Recall,0.3177500885411636
F1 Score,0.2023574949047795
Accuracy,0.22107438016528927
Dataset Organization,gtfintechlab
