Metric,Value
Precision,0.203783256263624
Recall,0.3272465307962265
F1 Score,0.16990918829999288
Accuracy,0.24793388429752067
Dataset Organization,gtfintechlab
