Metric,Value
Precision,0.4566755273537987
Recall,0.4461879990091275
F1 Score,0.44143934630129106
Accuracy,0.4461879990091275
Dataset Organization,gtfintechlab
