Metric,Value
Precision,0.5555555555555556
Recall,0.5612244897959183
F1 Score,0.5583756345177665
Accuracy,0.8379888268156425
Dataset Organization,gtfintechlab
