Label,Precision,Recall,F1 Score,Accuracy
RELEVANT_response,0.8191082926069284,0.5788561525129983,0.6699326329321501,0.5788561525129983
SPECIFIC_response,0.5041474653162321,0.5147313691507799,0.5061750446001287,0.5147313691507799
CAUTIOUS_response,0.5897907399533667,0.20797227036395147,0.19645768631523688,0.20797227036395147
ASSERTIVE_response,0.5261839425511285,0.5025996533795494,0.44401356808090514,0.5025996533795494
CLEAR_response,0.7890999250771711,0.608318890814558,0.683481374881279,0.608318890814558
OPTIMISTIC_response,0.6222330970575809,0.5268630849220104,0.5090774249348976,0.5268630849220104
