Metric,Average
Precision,0.6417605770937346
Recall,0.4898902368573079
F1 Score,0.5015229552907662
Accuracy,0.4898902368573079
