Metric,Average
Precision,0.6440410927352489
Recall,0.488734835355286
F1 Score,0.4993749271383184
Accuracy,0.488734835355286
