Label,Precision,Recall,F1 Score,Accuracy
RELEVANT_response,0.8191082926069284,0.5788561525129983,0.6699326329321501,0.5788561525129983
SPECIFIC_response,0.5020820727234151,0.512998266897747,0.5042701054787353,0.512998266897747
CAUTIOUS_response,0.6020344385229242,0.20623916811091855,0.19189534150917717,0.20623916811091855
ASSERTIVE_response,0.5231809460037362,0.49913344887348354,0.43852190744478353,0.49913344887348354
CLEAR_response,0.7893802850738205,0.610051993067591,0.6847249397118254,0.610051993067591
OPTIMISTIC_response,0.6284605214806696,0.5251299826689775,0.5069046357532387,0.5251299826689775
