Accuracy,Precision,Recall,F1 Score
0.2222222222222222,0.8256437089999861,0.2222222222222222,0.30894822748164885
