Accuracy,Precision,Recall,F1 Score
0.542528735632184,0.8569510265930652,0.542528735632184,0.658623649787197
