Accuracy,Precision,Recall,F1 Score
0.6206896551724138,0.8639444371837584,0.6206896551724138,0.7187491127010729
