Average F-score,Average NDCG,Average MRR
0.0,0.21790506533207632,2.5928213333879153e-05
