Average F-score,Average NDCG,Average MRR
0.0,0.21306047863736388,4.1901575797205155e-06
