Average F-score,Average NDCG,Average MRR
0.0,0.22700358192736275,3.721273139150632e-05
