Accuracy,Precision,Recall,F1 Score
0.48344155844155845,0.4872480334080322,0.48344155844155845,0.41842630992342866
