Accuracy,Precision,Recall,F1 Score
0.1392511177347243,0.48939396442527816,0.1392511177347243,0.18967714955701098
