Accuracy,Precision,Recall,F1 Score
0.011631562401760453,0.24077470852753444,0.011631562401760453,0.018136630140616783
