Accuracy,Precision,Recall,F1 Score
0.1096311475409836,0.47269385889369353,0.1096311475409836,0.13051310129170293
