Metric,Value
Accuracy,0.591919191919192
Precision,0.5918810002140921
Recall,0.591919191919192
F1 Score,0.5850662496877771
