Metric,Value
Accuracy,0.6794354838709677
Precision,0.6815596111962208
Recall,0.6794354838709677
F1 Score,0.6701050021351563
