Metric,Value
Accuracy,0.625
Precision,0.712209094340473
Recall,0.625
F1 Score,0.5776933073611803
