Metric,Value
Accuracy,0.6733870967741935
Precision,0.675111043512803
Recall,0.6733870967741935
F1 Score,0.665827539433112
