Metric,Value
Accuracy,0.532258064516129
Precision,0.6779375235190033
Recall,0.532258064516129
F1 Score,0.40662345486531504
