Metric,Value
Accuracy,0.4265116279069767
Precision,0.7655808553912409
Recall,0.4265116279069767
F1 Score,0.4690403182774445
