Metric,Value
Accuracy,0.7672093023255814
Precision,0.8165279718077862
Recall,0.7672093023255814
F1 Score,0.7705826997869673
