Metric,Value
Accuracy,0.3641860465116279
Precision,0.7566546184912845
Recall,0.3641860465116279
F1 Score,0.4260615611344175
