Metric,Value
Accuracy,0.8067441860465117
Precision,0.8466319847514856
Recall,0.8067441860465117
F1 Score,0.8105232404047829
