Metric,Value
Accuracy,0.2472093023255814
Precision,0.6854486847833189
Recall,0.2472093023255814
F1 Score,0.29242657881164047
