Metric,Value
Accuracy,0.8397674418604651
Precision,0.8630815025663059
Recall,0.8397674418604651
F1 Score,0.8448419133591784
