accuracy,precision,recall,f1
0.6744186046511628,0.764267422259495,0.6744186046511628,0.6848257341709078
