Metric,Value
Precision,0.1420285524390347
Recall,0.14157975184556607
F1 Score,0.14150141756008686
Accuracy,0.8787225026004546
Dataset Organization,gtfintechlab
