Metric,Value
Precision,0.16465116279069766
Recall,0.16666666666666666
F1 Score,0.16565278427702387
Accuracy,0.987906976744186
Dataset Organization,gtfintechlab
