Precision,Recall,F1 Score
0.7735141943693161,0.8469559370577335,0.807560618698597
