Metric,Value
Accuracy,0.8897058823529411
Precision,0.895726463982516
Recall,0.8897058823529411
F1 Score,0.8843977908264097
