Metric,Value
Accuracy,0.9397058823529412
Precision,0.9407016990659024
Recall,0.9397058823529412
F1 Score,0.9398938421944731
