Metric,Value
Precision,0.3012471655328798
Recall,0.47811791383219954
F1 Score,0.3503671309793759
Accuracy,0.47811791383219954
Dataset Organization,gtfintechlab
