Metric,Value
Precision,0.26825581395348835
Recall,0.2541587516232547
F1 Score,0.17909029504774188
Accuracy,0.2024793388429752
Dataset Organization,gtfintechlab
