Metric,Value
Precision,0.3222160800933604
Recall,0.28273071680779593
F1 Score,0.270423238964785
Accuracy,0.29545454545454547
Dataset Organization,gtfintechlab
