Metric,Value
Precision,0.14396106830971275
Recall,0.14369073969899282
F1 Score,0.14350890348765727
Accuracy,0.8687444619948376
Dataset Organization,gtfintechlab
