Metric,Value
Precision,0.3746287900171712
Recall,0.3648454017622374
F1 Score,0.2601882635587868
Accuracy,0.27892561983471076
Dataset Organization,gtfintechlab
