Metric,Value
Precision,0.3797941316265924
Recall,0.3580583191130859
F1 Score,0.25785139967112997
Accuracy,0.27479338842975204
Dataset Organization,gtfintechlab
