Metric,Value
Accuracy,0.5723014256619144
Precision,0.6784428941940623
Recall,0.5723014256619144
F1 Score,0.4994154162268337
