Metric,Value
Accuracy,0.5967741935483871
Precision,0.6504741251126742
Recall,0.5967741935483871
F1 Score,0.55043242567381
