Metric,Value
Precision,0.31698946215075247
Recall,0.3399894823829915
F1 Score,0.20160183144156996
Accuracy,0.2396694214876033
Dataset Organization,gtfintechlab
