Metric,Value
Precision,0.3694373845986749
Recall,0.3465747985017762
F1 Score,0.1998289159735213
Accuracy,0.2024793388429752
Dataset Organization,gtfintechlab
