Metric,Value
Accuracy,0.5262096774193549
Precision,0.6551513636495376
Recall,0.5262096774193549
F1 Score,0.3934654525071925
