Metric,Value
Accuracy,0.5362903225806451
Precision,0.5045931925316574
Recall,0.5362903225806451
F1 Score,0.45917762821677455
