Metric,Average,Value
Precision,0.4831355800583701,
Recall,0.501155401502022,
F1 Score,0.42217255133351617,
Accuracy,0.501155401502022,
Dataset Organization,,gtfintechlab
