Label,Precision,Recall,F1 Score,Accuracy
RELEVANT_response,0.78246046884271,0.7885615251299827,0.785499150275109,0.7885615251299827
SPECIFIC_response,0.35665263679128495,0.4731369150779896,0.3522147689487346,0.4731369150779896
CAUTIOUS_response,0.5535648658456759,0.1681109185441941,0.13874247534681491,0.1681109185441941
ASSERTIVE_response,0.31354978133382366,0.4540727902946274,0.3016093310541397,0.4540727902946274
CLEAR_response,0.7840397725232419,0.8058925476603119,0.7932317848661665,0.8058925476603119
OPTIMISTIC_response,0.10854595501348485,0.317157712305026,0.16173779751013279,0.317157712305026
