Metric,Value
Precision,0.6499081771783154
Recall,0.5301231285538336
F1 Score,0.5835499195137409
Dataset Organization,gtfintechlab
