Metric,Value
Precision,0.7151461289386557
Recall,0.8005708197150567
F1 Score,0.7538578553633256
Dataset Organization,gtfintechlab
