Metric,Value
Precision,0.33650793650793653
Recall,0.4772675736961451
F1 Score,0.3682004692208774
Accuracy,0.4772675736961451
Dataset Organization,gtfintechlab
