Metric,Value
Precision,0.4276077097505669
Recall,0.48071752510528015
F1 Score,0.43469780408555914
Accuracy,0.48071752510528015
Dataset Organization,gtfintechlab
