Metric,Value
Precision,0.2511904761904762
Recall,0.3239229024943311
F1 Score,0.2672254616132167
Accuracy,0.3239229024943311
Dataset Organization,gtfintechlab
