Metric,Value
Precision,0.7569819140915919
Recall,0.7998945033911503
F1 Score,0.7769728685870315
Dataset Organization,gtfintechlab
