Precision,Recall,F1 Score
0.7788124487102032,0.840365571692586,0.8070777907073498
