Precision,Recall,F1 Score
0.7912117486000061,0.8421684199869632,0.8148595300018787
