Precision,Recall,F1 Score
0.7702801537513733,0.8433302908539771,0.8042229408025742
