Metric,Value
Precision,0.7086521382283683
Recall,0.8035772077965014
F1 Score,0.7523514492343171
Dataset Organization,gtfintechlab
