Metric,Value
Precision,0.652589291996426
Recall,0.751326139286311
F1 Score,0.6956280486752289
Dataset Organization,gtfintechlab
