Precision,Recall,F1 Score
0.7948582772016525,0.8403048711121083,0.815926053315401
