Precision,Recall,F1 Score
0.7750673592686653,0.8115719910562038,0.7919754075407982
