Accuracy,Precision,Recall,F1 Score
0.3961685823754789,0.8455770116939533,0.3961685823754789,0.5242086220812112
