Accuracy,Precision,Recall,F1 Score
0.9379310344827586,0.8797146254458977,0.9379310344827586,0.9078905387164069
