Accuracy,Precision,Recall,F1 Score
0.48735632183908045,0.850532059141138,0.48735632183908045,0.612070940622362
