Metric,Value
Precision,0.2084048027444254
Recall,0.33026336971570236
F1 Score,0.18414460260097845
Accuracy,0.18801652892561985
Dataset Organization,gtfintechlab
