Metric,Value
Precision,0.1933152664859982
Recall,0.26181655837987766
F1 Score,0.22004433138453758
Accuracy,0.4652631578947368
Dataset Organization,gtfintechlab
