Metric,Value
Precision,0.19284880506235794
Recall,0.26181655837987766
F1 Score,0.21972667855020797
Accuracy,0.4652631578947368
Dataset Organization,gtfintechlab
