Metric,Value
Accuracy,0.9313953488372093
Precision,0.9552094991680962
Recall,0.9313953488372093
F1 Score,0.942207248518077
