Metric,Value
Accuracy,0.8665116279069768
Precision,0.8999177312098339
Recall,0.8665116279069768
F1 Score,0.8760431865877554
