Metric,Value
Accuracy (Jaccard),0.004760571268552226
Precision,0.008362026561731432
Recall,0.010932475884244373
F1 Score,0.00947603121516165
Dataset Organization,gtfintechlab
