Metric,Value
Precision,0.4617775681701252
Recall,0.45860296499552194
F1 Score,0.4516677233664028
Accuracy,0.45860296499552194
Dataset Organization,gtfintechlab
