Metric,Value
Precision,0.5399838697457746
Recall,0.5218491861261468
F1 Score,0.5256187938942998
Accuracy,0.8057457533221852
Dataset Organization,gtfintechlab
