Metric,Value
Accuracy,0.9014705882352941
Precision,0.9037528019426234
Recall,0.9014705882352941
F1 Score,0.9022092272464425
