Metric,Value
Accuracy,0.7382352941176471
Precision,0.8013846713566469
Recall,0.7382352941176471
F1 Score,0.6977845808458631
