Metric,Average,Value
Precision,0.6781847035426024,
Recall,0.5428590096734107,
F1 Score,0.4616213588010489,
Accuracy,0.5428590096734107,
Dataset Organization,,gtfintechlab
