Metric,Value
Precision,0.7275349382523985
Recall,0.7051576337571384
F1 Score,0.7116095443289413
Accuracy,0.8912914126651478
