Precision,Recall,F1 Score
0.7932559900581837,0.843855097129941,0.8166021474003792
