Metric,Value
Precision,0.5238095238095238
Recall,0.673469387755102
F1 Score,0.5892857142857143
Accuracy,0.8286778398510242
