Precision,Recall,F1 Score
0.7975379178225994,0.838284919410944,0.8162755526006221
