Precision,Recall,F1 Score
0.7986243056058884,0.840693066984415,0.8179587005674839
