accuracy,precision,recall,f1
0.7157088122605364,0.870022695090753,0.7157088122605364,0.7837959916875066
