Metric,Value
Accuracy,0.4062790697674419
Precision,0.8382516818085658
Recall,0.4062790697674419
F1 Score,0.47141201717439113
