Metric,Value
Accuracy,0.8458139534883721
Precision,0.8740765721592723
Recall,0.8458139534883721
F1 Score,0.8516368083361496
