Metric,Value
Mean Squared Error,0.18315494347826086
Mean Absolute Error,0.36331739130434776
R2 Score,-0.08477434520846594
Answer Coverage,0.9956521739130435
