Metric,Value
Mean Squared Error,0.11933413913043478
Mean Absolute Error,0.2819913043478261
R2 Score,0.2932180252530382
Answer Coverage,1.0
