Metric,Value
Accuracy,0.9441176470588235
Precision,0.9452597814808729
Recall,0.9441176470588235
F1 Score,0.9443792599409273
