Metric,Value
Accuracy,0.9073529411764706
Precision,0.9126264977099745
Recall,0.9073529411764706
F1 Score,0.9083788675192394
