Metric,Value
Accuracy,0.9265116279069767
Precision,0.9429490115590293
Recall,0.9265116279069767
F1 Score,0.9336987169671344
