Metric,Value
Accuracy,0.945813953488372
Precision,0.9595326674880938
Recall,0.945813953488372
F1 Score,0.9524311631806461
