Metric,Value
Accuracy,0.36697674418604653
Precision,0.8638696277444832
Recall,0.36697674418604653
F1 Score,0.39562667840123217
