Metric,Value
Accuracy,0.873953488372093
Precision,0.8902156146264812
Recall,0.873953488372093
F1 Score,0.8787460415509957
