Metric,Value
Mean Squared Error,0.18394783043478258
Mean Absolute Error,0.3171260869565217
R2 Score,-0.08947038787458861
Answer Coverage,0.9826086956521739
