Metric,Value
Mean Squared Error,0.12009203913043479
Mean Absolute Error,0.2952217391304348
R2 Score,0.2887292003236085
Answer Coverage,1.0
