Accuracy,Precision,Recall,F1 Score
0.3693486590038314,0.8563508235957806,0.3693486590038314,0.492428526407684
