Accuracy,Precision,Recall,F1 Score
0.3624521072796935,0.8449795532438081,0.3624521072796935,0.48748115265125214
