Accuracy,Precision,Recall,F1 Score
0.3057471264367816,0.8464723725077121,0.3057471264367816,0.41918268165647105
