Metric,Value
Precision,0.2024793388429752
Recall,0.2024793388429752
F1 Score,0.2024793388429752
Accuracy,0.2024793388429752
Dataset Organization,gtfintechlab
