Metric,Value
Precision,0.27645502645502645
Recall,0.32737370810393124
F1 Score,0.16662107163467443
Accuracy,0.2603305785123967
