Metric,Value
Precision,0.6637931034482759
Recall,0.7857142857142857
F1 Score,0.719626168224299
Accuracy,0.888268156424581
Dataset Organization,gtfintechlab
