accuracy,precision,recall,f1
0.38382352941176473,0.6933150711264898,0.38382352941176473,0.37527090364272636
