Metric,Value
Precision,0.7724054472599778
Recall,0.7536004683740751
F1 Score,0.7605174147771863
Accuracy,0.9229802875327532
Dataset Organization,gtfintechlab
