Metric,Value
Precision,0.14109499876452833
Recall,0.1420662315584034
F1 Score,0.1413085212640952
Accuracy,0.8834996340100936
Dataset Organization,gtfintechlab
