Metric,Value
Precision,0.6646157200827287
Recall,0.6427736437837268
F1 Score,0.6512457461016414
Accuracy,0.8863220576108565
Dataset Organization,gtfintechlab
