Metric,Value
Precision,0.13982234090887932
Recall,0.14050014848185077
F1 Score,0.1400419765513715
Accuracy,0.8790692298801864
Dataset Organization,gtfintechlab
