Accuracy,Precision,Recall,F1 Score
0.049832339791356185,0.2796242938590446,0.049832339791356185,0.04304290032650608
