Accuracy,Precision,Recall,F1 Score
0.07554023845007451,0.5169184103364303,0.07554023845007451,0.07380020956356444
